mode,label,source,viewport,before_bounds,after_bounds,before_utilization,after_utilization,before_proportional_crop,after_proportional_crop,physical_acceptance
12,Fold Fit,1920x1080,800x600,"[-16, 66.000015, 816, 534]","[-16, 66.000015, 816, 534]",0.7799999713897705,0.7799999713897705,0.03846156597137451,0.03846156597137451,UNVERIFIED
13,Fold Fill,1920x1080,800x600,"[-133.33337, 0, 933.3334, 600]","[-133.33337, 0, 933.3334, 600]",1,1,0.2500000596046448,0.2500000596046448,UNVERIFIED
-1,Inherit Default,1920x1080,800x600,"[0, 75, 800, 525]","[-133.33337, 0, 933.3334, 600]",0.75,1,0,0.2500000596046448,UNVERIFIED
0,Best Fit,1920x1080,800x600,"[0, 75, 800, 525]","[-133.33337, 0, 933.3334, 600]",0.75,1,0,0.2500000596046448,UNVERIFIED
1,Crop / Fill,1920x1080,800x600,"[-133.33337, 0, 933.3334, 600]","[-133.33337, 0, 933.3334, 600]",1,1,0.2500000596046448,0.2500000596046448,UNVERIFIED
2,16:9,1920x1080,800x600,"[0, 75, 800, 525]","[0, 75, 800, 525]",0.75,0.75,0,0,UNVERIFIED
3,4:3,1920x1080,800x600,"[0, 0, 800, 600]","[0, 0, 800, 600]",1,1,0,0,UNVERIFIED
4,Wide 1.10x,1920x1080,800x600,"[-40, 75, 840, 525]","[-40, 75, 840, 525]",0.75,0.75,0.09090906381607056,0.09090906381607056,UNVERIFIED
5,Wide 1.25x,1920x1080,800x600,"[-100, 75, 900, 525]","[-100, 75, 900, 525]",0.75,0.75,0.19999998807907104,0.19999998807907104,UNVERIFIED
6,Wide 1.40x,1920x1080,800x600,"[-160, 75, 960, 525]","[-160, 75, 960, 525]",0.75,0.75,0.2857142686843872,0.2857142686843872,UNVERIFIED
7,Short + Wide,1920x1080,800x600,"[-96, 111, 896, 489]","[-96, 111, 896, 489]",0.6299999952316284,0.6299999952316284,0.19354838132858276,0.19354838132858276,UNVERIFIED
8,Zoom 1.25x,1920x1080,800x600,"[-100, 18.75, 900, 581.25]","[-100, 18.75, 900, 581.25]",0.9375,0.9375,0.19999998807907104,0.19999998807907104,UNVERIFIED
9,Zoom 1.50x,1920x1080,800x600,"[-200, -37.5, 1000, 637.5]","[-200, -37.5, 1000, 637.5]",1,1,0.40740740299224854,0.40740740299224854,UNVERIFIED
10,Zoom 2.00x,1920x1080,800x600,"[-400, -150, 1200, 750]","[-400, -150, 1200, 750]",1,1,0.6666666269302368,0.6666666269302368,UNVERIFIED
11,Custom Width / Height,1920x1080,800x600,"[0, 75, 800, 525]","[0, 75, 800, 525]",0.75,0.75,0,0,UNVERIFIED
12,Fold Fit,1440x1080,800x600,"[0, 0, 800, 600]","[0, 0, 800, 600]",1,1,0,0,UNVERIFIED
13,Fold Fill,1440x1080,800x600,"[0, 0, 800, 600]","[0, 0, 800, 600]",1,1,0,0,UNVERIFIED
-1,Inherit Default,1440x1080,800x600,"[0, 0, 800, 600]","[0, 0, 800, 600]",1,1,0,0,UNVERIFIED
0,Best Fit,1440x1080,800x600,"[0, 0, 800, 600]","[0, 0, 800, 600]",1,1,0,0,UNVERIFIED
1,Crop / Fill,1440x1080,800x600,"[0, 0, 800, 600]","[0, 0, 800, 600]",1,1,0,0,UNVERIFIED
2,16:9,1440x1080,800x600,"[0, 75, 800, 525]","[0, 75, 800, 525]",0.75,0.75,0,0,UNVERIFIED
3,4:3,1440x1080,800x600,"[0, 0, 800, 600]","[0, 0, 800, 600]",1,1,0,0,UNVERIFIED
4,Wide 1.10x,1440x1080,800x600,"[-40, 0, 840, 600]","[-40, 0, 840, 600]",1,1,0.09090906381607056,0.09090906381607056,UNVERIFIED
5,Wide 1.25x,1440x1080,800x600,"[-100, 0, 900, 600]","[-100, 0, 900, 600]",1,1,0.19999998807907104,0.19999998807907104,UNVERIFIED
6,Wide 1.40x,1440x1080,800x600,"[-160, 0, 960, 600]","[-160, 0, 960, 600]",1,1,0.2857142686843872,0.2857142686843872,UNVERIFIED
7,Short + Wide,1440x1080,800x600,"[-96, 48.000015, 896, 552]","[-96, 48.000015, 896, 552]",0.8399999737739563,0.8399999737739563,0.19354838132858276,0.19354838132858276,UNVERIFIED
8,Zoom 1.25x,1440x1080,800x600,"[-100, -75, 900, 675]","[-100, -75, 900, 675]",1,1,0.35999995470046997,0.35999995470046997,UNVERIFIED
9,Zoom 1.50x,1440x1080,800x600,"[-200, -150, 1000, 750]","[-200, -150, 1000, 750]",1,1,0.555555522441864,0.555555522441864,UNVERIFIED
10,Zoom 2.00x,1440x1080,800x600,"[-400, -300, 1200, 900]","[-400, -300, 1200, 900]",1,1,0.75,0.75,UNVERIFIED
11,Custom Width / Height,1440x1080,800x600,"[0, 0, 800, 600]","[0, 0, 800, 600]",1,1,0,0,UNVERIFIED
12,Fold Fit,1080x1920,800x600,"[113.125, -210, 686.875, 810]","[113.125, -210, 686.875, 810]",0.7171875238418579,0.7171875238418579,0.4117646813392639,0.4117646813392639,UNVERIFIED
13,Fold Fill,1080x1920,800x600,"[0, -411.11115, 800, 1011.11115]","[0, -411.11115, 800, 1011.11115]",1,1,0.578125,0.578125,UNVERIFIED
-1,Inherit Default,1080x1920,800x600,"[231.25, 0, 568.75, 600]","[0, -411.11115, 800, 1011.11115]",0.421875,1,0,0.578125,UNVERIFIED
0,Best Fit,1080x1920,800x600,"[231.25, 0, 568.75, 600]","[0, -411.11115, 800, 1011.11115]",0.421875,1,0,0.578125,UNVERIFIED
1,Crop / Fill,1080x1920,800x600,"[0, -411.11115, 800, 1011.11115]","[0, -411.11115, 800, 1011.11115]",1,1,0.578125,0.578125,UNVERIFIED
2,16:9,1080x1920,800x600,"[0, 75, 800, 525]","[0, 75, 800, 525]",0.75,0.75,0,0,UNVERIFIED
3,4:3,1080x1920,800x600,"[0, 0, 800, 600]","[0, 0, 800, 600]",1,1,0,0,UNVERIFIED
4,Wide 1.10x,1080x1920,800x600,"[214.375, 0, 585.625, 600]","[214.375, 0, 585.625, 600]",0.46406251192092896,0.46406251192092896,0,0,UNVERIFIED
5,Wide 1.25x,1080x1920,800x600,"[189.0625, 0, 610.9375, 600]","[189.0625, 0, 610.9375, 600]",0.52734375,0.52734375,0,0,UNVERIFIED
6,Wide 1.40x,1080x1920,800x600,"[163.75, 0, 636.25, 600]","[163.75, 0, 636.25, 600]",0.590624988079071,0.590624988079071,0,0,UNVERIFIED
7,Short + Wide,1080x1920,800x600,"[190.75, 48.000015, 609.25, 552]","[190.75, 48.000015, 609.25, 552]",0.439424991607666,0.439424991607666,0,0,UNVERIFIED
8,Zoom 1.25x,1080x1920,800x600,"[189.0625, -75, 610.9375, 675]","[189.0625, -75, 610.9375, 675]",0.52734375,0.52734375,0.19999998807907104,0.19999998807907104,UNVERIFIED
9,Zoom 1.50x,1080x1920,800x600,"[146.875, -150, 653.125, 750]","[146.875, -150, 653.125, 750]",0.6328125,0.6328125,0.3333333134651184,0.3333333134651184,UNVERIFIED
10,Zoom 2.00x,1080x1920,800x600,"[62.5, -300, 737.5, 900]","[62.5, -300, 737.5, 900]",0.84375,0.84375,0.5,0.5,UNVERIFIED
11,Custom Width / Height,1080x1920,800x600,"[231.25, 0, 568.75, 600]","[231.25, 0, 568.75, 600]",0.421875,0.421875,0,0,UNVERIFIED
12,Fold Fit,2390x1000,800x600,"[-159.26001, 66.000015, 959.26, 534]","[-159.26001, 66.000015, 959.26, 534]",0.7799999713897705,0.7799999713897705,0.2847691774368286,0.2847691774368286,UNVERIFIED
13,Fold Fill,2390x1000,800x600,"[-317, 0, 1117, 600]","[-317, 0, 1117, 600]",1,1,0.4421199560165405,0.4421199560165405,UNVERIFIED
-1,Inherit Default,2390x1000,800x600,"[0, 132.63599, 800, 467.364]","[-317, 0, 1117, 600]",0.5578801035881042,1,0,0.4421199560165405,UNVERIFIED
0,Best Fit,2390x1000,800x600,"[0, 132.63599, 800, 467.364]","[-317, 0, 1117, 600]",0.5578801035881042,1,0,0.4421199560165405,UNVERIFIED
1,Crop / Fill,2390x1000,800x600,"[-317, 0, 1117, 600]","[-317, 0, 1117, 600]",1,1,0.4421199560165405,0.4421199560165405,UNVERIFIED
2,16:9,2390x1000,800x600,"[0, 75, 800, 525]","[0, 75, 800, 525]",0.75,0.75,0,0,UNVERIFIED
3,4:3,2390x1000,800x600,"[0, 0, 800, 600]","[0, 0, 800, 600]",1,1,0,0,UNVERIFIED
4,Wide 1.10x,2390x1000,800x600,"[-40, 132.63599, 840, 467.364]","[-40, 132.63599, 840, 467.364]",0.5578801035881042,0.5578801035881042,0.09090906381607056,0.09090906381607056,UNVERIFIED
5,Wide 1.25x,2390x1000,800x600,"[-100, 132.63599, 900, 467.364]","[-100, 132.63599, 900, 467.364]",0.5578801035881042,0.5578801035881042,0.19999998807907104,0.19999998807907104,UNVERIFIED
6,Wide 1.40x,2390x1000,800x600,"[-160, 132.63599, 960, 467.364]","[-160, 132.63599, 960, 467.364]",0.5578801035881042,0.5578801035881042,0.2857142686843872,0.2857142686843872,UNVERIFIED
7,Short + Wide,2390x1000,800x600,"[-96, 159.41423, 896, 440.58575]","[-96, 159.41423, 896, 440.58575]",0.468619167804718,0.468619167804718,0.19354838132858276,0.19354838132858276,UNVERIFIED
8,Zoom 1.25x,2390x1000,800x600,"[-100, 90.795, 900, 509.20502]","[-100, 90.795, 900, 509.20502]",0.6973500847816467,0.6973500847816467,0.19999998807907104,0.19999998807907104,UNVERIFIED
9,Zoom 1.50x,2390x1000,800x600,"[-200, 48.95398, 1000, 551.046]","[-200, 48.95398, 1000, 551.046]",0.8368200659751892,0.8368200659751892,0.3333333134651184,0.3333333134651184,UNVERIFIED
10,Zoom 2.00x,2390x1000,800x600,"[-400, -34.728027, 1200, 634.728]","[-400, -34.728027, 1200, 634.728]",1,1,0.5518749952316284,0.5518749952316284,UNVERIFIED
11,Custom Width / Height,2390x1000,800x600,"[0, 132.63599, 800, 467.364]","[0, 132.63599, 800, 467.364]",0.5578801035881042,0.5578801035881042,0,0,UNVERIFIED
12,Fold Fit,1920x1080,600x800,"[-210, 113.125, 810, 686.875]","[-210, 113.125, 810, 686.875]",0.7171875238418579,0.7171875238418579,0.4117646813392639,0.4117646813392639,UNVERIFIED
13,Fold Fill,1920x1080,600x800,"[-411.11115, 0, 1011.11115, 800]","[-411.11115, 0, 1011.11115, 800]",1,1,0.578125,0.578125,UNVERIFIED
-1,Inherit Default,1920x1080,600x800,"[0, 231.25, 600, 568.75]","[-411.11115, 0, 1011.11115, 800]",0.421875,1,0,0.578125,UNVERIFIED
0,Best Fit,1920x1080,600x800,"[0, 231.25, 600, 568.75]","[-411.11115, 0, 1011.11115, 800]",0.421875,1,0,0.578125,UNVERIFIED
1,Crop / Fill,1920x1080,600x800,"[-411.11115, 0, 1011.11115, 800]","[-411.11115, 0, 1011.11115, 800]",1,1,0.578125,0.578125,UNVERIFIED
2,16:9,1920x1080,600x800,"[0, 231.25, 600, 568.75]","[0, 231.25, 600, 568.75]",0.421875,0.421875,0,0,UNVERIFIED
3,4:3,1920x1080,600x800,"[0, 175, 600, 625]","[0, 175, 600, 625]",0.5625,0.5625,0,0,UNVERIFIED
4,Wide 1.10x,1920x1080,600x800,"[-30, 231.25, 630, 568.75]","[-30, 231.25, 630, 568.75]",0.421875,0.421875,0.09090906381607056,0.09090906381607056,UNVERIFIED
5,Wide 1.25x,1920x1080,600x800,"[-75, 231.25, 675, 568.75]","[-75, 231.25, 675, 568.75]",0.421875,0.421875,0.19999998807907104,0.19999998807907104,UNVERIFIED
6,Wide 1.40x,1920x1080,600x800,"[-120, 231.25, 720, 568.75]","[-120, 231.25, 720, 568.75]",0.421875,0.421875,0.2857142686843872,0.2857142686843872,UNVERIFIED
7,Short + Wide,1920x1080,600x800,"[-72, 258.25, 672, 541.75]","[-72, 258.25, 672, 541.75]",0.3543750047683716,0.3543750047683716,0.19354838132858276,0.19354838132858276,UNVERIFIED
8,Zoom 1.25x,1920x1080,600x800,"[-75, 189.0625, 675, 610.9375]","[-75, 189.0625, 675, 610.9375]",0.52734375,0.52734375,0.19999998807907104,0.19999998807907104,UNVERIFIED
9,Zoom 1.50x,1920x1080,600x800,"[-150, 146.875, 750, 653.125]","[-150, 146.875, 750, 653.125]",0.6328125,0.6328125,0.3333333134651184,0.3333333134651184,UNVERIFIED
10,Zoom 2.00x,1920x1080,600x800,"[-300, 62.5, 900, 737.5]","[-300, 62.5, 900, 737.5]",0.84375,0.84375,0.5,0.5,UNVERIFIED
11,Custom Width / Height,1920x1080,600x800,"[0, 231.25, 600, 568.75]","[0, 231.25, 600, 568.75]",0.421875,0.421875,0,0,UNVERIFIED
12,Fold Fit,1440x1080,600x800,"[-116, 88, 716, 712]","[-116, 88, 716, 712]",0.7799999713897705,0.7799999713897705,0.2788461446762085,0.2788461446762085,UNVERIFIED
13,Fold Fill,1440x1080,600x800,"[-233.33331, 0, 833.3333, 800]","[-233.33331, 0, 833.3333, 800]",1,1,0.4375,0.4375,UNVERIFIED
-1,Inherit Default,1440x1080,600x800,"[0, 175, 600, 625]","[-233.33331, 0, 833.3333, 800]",0.5625,1,0,0.4375,UNVERIFIED
0,Best Fit,1440x1080,600x800,"[0, 175, 600, 625]","[-233.33331, 0, 833.3333, 800]",0.5625,1,0,0.4375,UNVERIFIED
1,Crop / Fill,1440x1080,600x800,"[-233.33331, 0, 833.3333, 800]","[-233.33331, 0, 833.3333, 800]",1,1,0.4375,0.4375,UNVERIFIED
2,16:9,1440x1080,600x800,"[0, 231.25, 600, 568.75]","[0, 231.25, 600, 568.75]",0.421875,0.421875,0,0,UNVERIFIED
3,4:3,1440x1080,600x800,"[0, 175, 600, 625]","[0, 175, 600, 625]",0.5625,0.5625,0,0,UNVERIFIED
4,Wide 1.10x,1440x1080,600x800,"[-30, 175, 630, 625]","[-30, 175, 630, 625]",0.5625,0.5625,0.09090906381607056,0.09090906381607056,UNVERIFIED
5,Wide 1.25x,1440x1080,600x800,"[-75, 175, 675, 625]","[-75, 175, 675, 625]",0.5625,0.5625,0.19999998807907104,0.19999998807907104,UNVERIFIED
6,Wide 1.40x,1440x1080,600x800,"[-120, 175, 720, 625]","[-120, 175, 720, 625]",0.5625,0.5625,0.2857142686843872,0.2857142686843872,UNVERIFIED
7,Short + Wide,1440x1080,600x800,"[-72, 211, 672, 589]","[-72, 211, 672, 589]",0.4724999964237213,0.4724999964237213,0.19354838132858276,0.19354838132858276,UNVERIFIED
8,Zoom 1.25x,1440x1080,600x800,"[-75, 118.75, 675, 681.25]","[-75, 118.75, 675, 681.25]",0.703125,0.703125,0.19999998807907104,0.19999998807907104,UNVERIFIED
9,Zoom 1.50x,1440x1080,600x800,"[-150, 62.5, 750, 737.5]","[-150, 62.5, 750, 737.5]",0.84375,0.84375,0.3333333134651184,0.3333333134651184,UNVERIFIED
10,Zoom 2.00x,1440x1080,600x800,"[-300, -50, 900, 850]","[-300, -50, 900, 850]",1,1,0.5555555820465088,0.5555555820465088,UNVERIFIED
11,Custom Width / Height,1440x1080,600x800,"[0, 175, 600, 625]","[0, 175, 600, 625]",0.5625,0.5625,0,0,UNVERIFIED
12,Fold Fit,1080x1920,600x800,"[66.000015, -16, 534, 816]","[66.000015, -16, 534, 816]",0.7799999713897705,0.7799999713897705,0.03846156597137451,0.03846156597137451,UNVERIFIED
13,Fold Fill,1080x1920,600x800,"[0, -133.33337, 600, 933.3334]","[0, -133.33337, 600, 933.3334]",1,1,0.2500000596046448,0.2500000596046448,UNVERIFIED
-1,Inherit Default,1080x1920,600x800,"[75, 0, 525, 800]","[0, -133.33337, 600, 933.3334]",0.75,1,0,0.2500000596046448,UNVERIFIED
0,Best Fit,1080x1920,600x800,"[75, 0, 525, 800]","[0, -133.33337, 600, 933.3334]",0.75,1,0,0.2500000596046448,UNVERIFIED
1,Crop / Fill,1080x1920,600x800,"[0, -133.33337, 600, 933.3334]","[0, -133.33337, 600, 933.3334]",1,1,0.2500000596046448,0.2500000596046448,UNVERIFIED
2,16:9,1080x1920,600x800,"[0, 231.25, 600, 568.75]","[0, 231.25, 600, 568.75]",0.421875,0.421875,0,0,UNVERIFIED
3,4:3,1080x1920,600x800,"[0, 175, 600, 625]","[0, 175, 600, 625]",0.5625,0.5625,0,0,UNVERIFIED
4,Wide 1.10x,1080x1920,600x800,"[52.499985, 0, 547.5, 800]","[52.499985, 0, 547.5, 800]",0.824999988079071,0.824999988079071,0,0,UNVERIFIED
5,Wide 1.25x,1080x1920,600x800,"[18.75, 0, 581.25, 800]","[18.75, 0, 581.25, 800]",0.9375,0.9375,0,0,UNVERIFIED
6,Wide 1.40x,1080x1920,600x800,"[-15, 0, 615, 800]","[-15, 0, 615, 800]",1,1,0.0476190447807312,0.0476190447807312,UNVERIFIED
7,Short + Wide,1080x1920,600x800,"[21, 64, 579, 736]","[21, 64, 579, 736]",0.7811999917030334,0.7811999917030334,0,0,UNVERIFIED
8,Zoom 1.25x,1080x1920,600x800,"[18.75, -100, 581.25, 900]","[18.75, -100, 581.25, 900]",0.9375,0.9375,0.19999998807907104,0.19999998807907104,UNVERIFIED
9,Zoom 1.50x,1080x1920,600x800,"[-37.5, -200, 637.5, 1000]","[-37.5, -200, 637.5, 1000]",1,1,0.40740740299224854,0.40740740299224854,UNVERIFIED
10,Zoom 2.00x,1080x1920,600x800,"[-150, -400, 750, 1200]","[-150, -400, 750, 1200]",1,1,0.6666666269302368,0.6666666269302368,UNVERIFIED
11,Custom Width / Height,1080x1920,600x800,"[75, 0, 525, 800]","[75, 0, 525, 800]",0.75,0.75,0,0,UNVERIFIED
12,Fold Fit,2390x1000,600x800,"[-210, 186.61089, 810, 613.3891]","[-210, 186.61089, 810, 613.3891]",0.5334727764129639,0.5334727764129639,0.4117646813392639,0.4117646813392639,UNVERIFIED
13,Fold Fill,2390x1000,600x800,"[-656, 0, 1256, 800]","[-656, 0, 1256, 800]",1,1,0.686192512512207,0.686192512512207,UNVERIFIED
-1,Inherit Default,2390x1000,600x800,"[0, 274.477, 600, 525.523]","[-656, 0, 1256, 800]",0.31380751729011536,1,0,0.686192512512207,UNVERIFIED
0,Best Fit,2390x1000,600x800,"[0, 274.477, 600, 525.523]","[-656, 0, 1256, 800]",0.31380751729011536,1,0,0.686192512512207,UNVERIFIED
1,Crop / Fill,2390x1000,600x800,"[-656, 0, 1256, 800]","[-656, 0, 1256, 800]",1,1,0.686192512512207,0.686192512512207,UNVERIFIED
2,16:9,2390x1000,600x800,"[0, 231.25, 600, 568.75]","[0, 231.25, 600, 568.75]",0.421875,0.421875,0,0,UNVERIFIED
3,4:3,2390x1000,600x800,"[0, 175, 600, 625]","[0, 175, 600, 625]",0.5625,0.5625,0,0,UNVERIFIED
4,Wide 1.10x,2390x1000,600x800,"[-30, 274.477, 630, 525.523]","[-30, 274.477, 630, 525.523]",0.31380751729011536,0.31380751729011536,0.09090906381607056,0.09090906381607056,UNVERIFIED
5,Wide 1.25x,2390x1000,600x800,"[-75, 274.477, 675, 525.523]","[-75, 274.477, 675, 525.523]",0.31380751729011536,0.31380751729011536,0.19999998807907104,0.19999998807907104,UNVERIFIED
6,Wide 1.40x,2390x1000,600x800,"[-120, 274.477, 720, 525.523]","[-120, 274.477, 720, 525.523]",0.31380751729011536,0.31380751729011536,0.2857142686843872,0.2857142686843872,UNVERIFIED
7,Short + Wide,2390x1000,600x800,"[-72, 294.56067, 672, 505.4393]","[-72, 294.56067, 672, 505.4393]",0.2635982930660248,0.2635982930660248,0.19354838132858276,0.19354838132858276,UNVERIFIED
8,Zoom 1.25x,2390x1000,600x800,"[-75, 243.09624, 675, 556.90375]","[-75, 243.09624, 675, 556.90375]",0.3922593891620636,0.3922593891620636,0.19999998807907104,0.19999998807907104,UNVERIFIED
9,Zoom 1.50x,2390x1000,600x800,"[-150, 211.71548, 750, 588.28455]","[-150, 211.71548, 750, 588.28455]",0.4707113206386566,0.4707113206386566,0.3333333134651184,0.3333333134651184,UNVERIFIED
10,Zoom 2.00x,2390x1000,600x800,"[-300, 148.95398, 900, 651.046]","[-300, 148.95398, 900, 651.046]",0.6276150345802307,0.6276150345802307,0.5,0.5,UNVERIFIED
11,Custom Width / Height,2390x1000,600x800,"[0, 274.477, 600, 525.523]","[0, 274.477, 600, 525.523]",0.31380751729011536,0.31380751729011536,0,0,UNVERIFIED
12,Fold Fit,1920x1080,320x720,"[-224, 143.99998, 544, 576]","[-224, 143.99998, 544, 576]",0.6000000238418579,0.6000000238418579,0.5833333730697632,0.5833333730697632,UNVERIFIED
13,Fold Fill,1920x1080,320x720,"[-480, 0, 800, 720]","[-480, 0, 800, 720]",1,1,0.75,0.75,UNVERIFIED
-1,Inherit Default,1920x1080,320x720,"[0, 270, 320, 450]","[-480, 0, 800, 720]",0.25,1,0,0.75,UNVERIFIED
0,Best Fit,1920x1080,320x720,"[0, 270, 320, 450]","[-480, 0, 800, 720]",0.25,1,0,0.75,UNVERIFIED
1,Crop / Fill,1920x1080,320x720,"[-480, 0, 800, 720]","[-480, 0, 800, 720]",1,1,0.75,0.75,UNVERIFIED
2,16:9,1920x1080,320x720,"[0, 270, 320, 450]","[0, 270, 320, 450]",0.25,0.25,0,0,UNVERIFIED
3,4:3,1920x1080,320x720,"[0, 240, 320, 480]","[0, 240, 320, 480]",0.3333333432674408,0.3333333432674408,0,0,UNVERIFIED
4,Wide 1.10x,1920x1080,320x720,"[-16, 270, 336, 450]","[-16, 270, 336, 450]",0.25,0.25,0.09090906381607056,0.09090906381607056,UNVERIFIED
5,Wide 1.25x,1920x1080,320x720,"[-40, 270, 360, 450]","[-40, 270, 360, 450]",0.25,0.25,0.19999998807907104,0.19999998807907104,UNVERIFIED
6,Wide 1.40x,1920x1080,320x720,"[-64, 270, 384, 450]","[-64, 270, 384, 450]",0.25,0.25,0.2857142686843872,0.2857142686843872,UNVERIFIED
7,Short + Wide,1920x1080,320x720,"[-38.399994, 284.4, 358.4, 435.59998]","[-38.399994, 284.4, 358.4, 435.59998]",0.2099999636411667,0.2099999636411667,0.19354838132858276,0.19354838132858276,UNVERIFIED
8,Zoom 1.25x,1920x1080,320x720,"[-40, 247.5, 360, 472.5]","[-40, 247.5, 360, 472.5]",0.3125,0.3125,0.19999998807907104,0.19999998807907104,UNVERIFIED
9,Zoom 1.50x,1920x1080,320x720,"[-80, 225, 400, 495]","[-80, 225, 400, 495]",0.375,0.375,0.3333333134651184,0.3333333134651184,UNVERIFIED
10,Zoom 2.00x,1920x1080,320x720,"[-160, 180, 480, 540]","[-160, 180, 480, 540]",0.5,0.5,0.5,0.5,UNVERIFIED
11,Custom Width / Height,1920x1080,320x720,"[0, 270, 320, 450]","[0, 270, 320, 450]",0.25,0.25,0,0,UNVERIFIED
12,Fold Fit,1440x1080,320x720,"[-214.40002, 79.19998, 534.4, 640.80005]","[-214.40002, 79.19998, 534.4, 640.80005]",0.7800001502037048,0.7800001502037048,0.5726495981216431,0.5726495981216431,UNVERIFIED
13,Fold Fill,1440x1080,320x720,"[-320.00003, 0, 640, 720]","[-320.00003, 0, 640, 720]",1,1,0.6666666269302368,0.6666666269302368,UNVERIFIED
-1,Inherit Default,1440x1080,320x720,"[0, 240, 320, 480]","[-320.00003, 0, 640, 720]",0.3333333432674408,1,0,0.6666666269302368,UNVERIFIED
0,Best Fit,1440x1080,320x720,"[0, 240, 320, 480]","[-320.00003, 0, 640, 720]",0.3333333432674408,1,0,0.6666666269302368,UNVERIFIED
1,Crop / Fill,1440x1080,320x720,"[-320.00003, 0, 640, 720]","[-320.00003, 0, 640, 720]",1,1,0.6666666269302368,0.6666666269302368,UNVERIFIED
2,16:9,1440x1080,320x720,"[0, 270, 320, 450]","[0, 270, 320, 450]",0.25,0.25,0,0,UNVERIFIED
3,4:3,1440x1080,320x720,"[0, 240, 320, 480]","[0, 240, 320, 480]",0.3333333432674408,0.3333333432674408,0,0,UNVERIFIED
4,Wide 1.10x,1440x1080,320x720,"[-16, 240, 336, 480]","[-16, 240, 336, 480]",0.3333333432674408,0.3333333432674408,0.09090906381607056,0.09090906381607056,UNVERIFIED
5,Wide 1.25x,1440x1080,320x720,"[-40, 240, 360, 480]","[-40, 240, 360, 480]",0.3333333432674408,0.3333333432674408,0.19999998807907104,0.19999998807907104,UNVERIFIED
6,Wide 1.40x,1440x1080,320x720,"[-64, 240, 384, 480]","[-64, 240, 384, 480]",0.3333333432674408,0.3333333432674408,0.2857142686843872,0.2857142686843872,UNVERIFIED
7,Short + Wide,1440x1080,320x720,"[-38.399994, 259.2, 358.4, 460.8]","[-38.399994, 259.2, 358.4, 460.8]",0.2799999713897705,0.2799999713897705,0.19354838132858276,0.19354838132858276,UNVERIFIED
8,Zoom 1.25x,1440x1080,320x720,"[-40, 210.00002, 360, 510]","[-40, 210.00002, 360, 510]",0.4166666567325592,0.4166666567325592,0.19999998807907104,0.19999998807907104,UNVERIFIED
9,Zoom 1.50x,1440x1080,320x720,"[-80, 180.00002, 400, 540]","[-80, 180.00002, 400, 540]",0.5,0.5,0.3333333134651184,0.3333333134651184,UNVERIFIED
10,Zoom 2.00x,1440x1080,320x720,"[-160, 120.000015, 480, 600]","[-160, 120.000015, 480, 600]",0.6666666865348816,0.6666666865348816,0.5,0.5,UNVERIFIED
11,Custom Width / Height,1440x1080,320x720,"[0, 240, 320, 480]","[0, 240, 320, 480]",0.3333333432674408,0.3333333432674408,0,0,UNVERIFIED
12,Fold Fit,1080x1920,320x720,"[0, 75.55554, 320, 644.44446]","[0, 75.55554, 320, 644.44446]",0.7901235222816467,0.7901235222816467,0,0,UNVERIFIED
13,Fold Fill,1080x1920,320x720,"[-42.5, 0, 362.5, 720]","[-42.5, 0, 362.5, 720]",1,1,0.20987653732299805,0.20987653732299805,UNVERIFIED
-1,Inherit Default,1080x1920,320x720,"[0, 75.55554, 320, 644.44446]","[-42.5, 0, 362.5, 720]",0.7901235222816467,1,0,0.20987653732299805,UNVERIFIED
0,Best Fit,1080x1920,320x720,"[0, 75.55554, 320, 644.44446]","[-42.5, 0, 362.5, 720]",0.7901235222816467,1,0,0.20987653732299805,UNVERIFIED
1,Crop / Fill,1080x1920,320x720,"[-42.5, 0, 362.5, 720]","[-42.5, 0, 362.5, 720]",1,1,0.20987653732299805,0.20987653732299805,UNVERIFIED
2,16:9,1080x1920,320x720,"[0, 270, 320, 450]","[0, 270, 320, 450]",0.25,0.25,0,0,UNVERIFIED
3,4:3,1080x1920,320x720,"[0, 240, 320, 480]","[0, 240, 320, 480]",0.3333333432674408,0.3333333432674408,0,0,UNVERIFIED
4,Wide 1.10x,1080x1920,320x720,"[-16, 75.55554, 336, 644.44446]","[-16, 75.55554, 336, 644.44446]",0.7901235222816467,0.7901235222816467,0.09090906381607056,0.09090906381607056,UNVERIFIED
5,Wide 1.25x,1080x1920,320x720,"[-40, 75.55554, 360, 644.44446]","[-40, 75.55554, 360, 644.44446]",0.7901235222816467,0.7901235222816467,0.19999998807907104,0.19999998807907104,UNVERIFIED
6,Wide 1.40x,1080x1920,320x720,"[-64, 75.55554, 384, 644.44446]","[-64, 75.55554, 384, 644.44446]",0.7901235222816467,0.7901235222816467,0.2857142686843872,0.2857142686843872,UNVERIFIED
7,Short + Wide,1080x1920,320x720,"[-38.399994, 121.06668, 358.4, 598.93335]","[-38.399994, 121.06668, 358.4, 598.93335]",0.6637036800384521,0.6637036800384521,0.19354838132858276,0.19354838132858276,UNVERIFIED
8,Zoom 1.25x,1080x1920,320x720,"[-40, 4.4444275, 360, 715.55554]","[-40, 4.4444275, 360, 715.55554]",0.9876542687416077,0.9876542687416077,0.19999998807907104,0.19999998807907104,UNVERIFIED
9,Zoom 1.50x,1080x1920,320x720,"[-80, -66.66666, 400, 786.6666]","[-80, -66.66666, 400, 786.6666]",1,1,0.4374999403953552,0.4374999403953552,UNVERIFIED
10,Zoom 2.00x,1080x1920,320x720,"[-160, -208.88892, 480, 928.8889]","[-160, -208.88892, 480, 928.8889]",1,1,0.68359375,0.68359375,UNVERIFIED
11,Custom Width / Height,1080x1920,320x720,"[0, 75.55554, 320, 644.44446]","[0, 75.55554, 320, 644.44446]",0.7901235222816467,0.7901235222816467,0,0,UNVERIFIED
12,Fold Fit,2390x1000,320x720,"[-224, 199.33054, 544, 520.66943]","[-224, 199.33054, 544, 520.66943]",0.4463040232658386,0.4463040232658386,0.5833333730697632,0.5833333730697632,UNVERIFIED
13,Fold Fill,2390x1000,320x720,"[-700.4, 3.0517578e-05, 1020.4, 720]","[-700.4, 3.0517578e-05, 1020.4, 720]",1,1,0.8140400052070618,0.8140400052070618,UNVERIFIED
-1,Inherit Default,2390x1000,320x720,"[0, 293.05438, 320, 426.9456]","[-700.4, 3.0517578e-05, 1020.4, 720]",0.18596000969409943,1,0,0.8140400052070618,UNVERIFIED
0,Best Fit,2390x1000,320x720,"[0, 293.05438, 320, 426.9456]","[-700.4, 3.0517578e-05, 1020.4, 720]",0.18596000969409943,1,0,0.8140400052070618,UNVERIFIED
1,Crop / Fill,2390x1000,320x720,"[-700.4, 3.0517578e-05, 1020.4, 720]","[-700.4, 3.0517578e-05, 1020.4, 720]",1,1,0.8140400052070618,0.8140400052070618,UNVERIFIED
2,16:9,2390x1000,320x720,"[0, 270, 320, 450]","[0, 270, 320, 450]",0.25,0.25,0,0,UNVERIFIED
3,4:3,2390x1000,320x720,"[0, 240, 320, 480]","[0, 240, 320, 480]",0.3333333432674408,0.3333333432674408,0,0,UNVERIFIED
4,Wide 1.10x,2390x1000,320x720,"[-16, 293.05438, 336, 426.9456]","[-16, 293.05438, 336, 426.9456]",0.18596000969409943,0.18596000969409943,0.09090906381607056,0.09090906381607056,UNVERIFIED
5,Wide 1.25x,2390x1000,320x720,"[-40, 293.05438, 360, 426.9456]","[-40, 293.05438, 360, 426.9456]",0.18596000969409943,0.18596000969409943,0.19999998807907104,0.19999998807907104,UNVERIFIED
6,Wide 1.40x,2390x1000,320x720,"[-64, 293.05438, 384, 426.9456]","[-64, 293.05438, 384, 426.9456]",0.18596000969409943,0.18596000969409943,0.2857142686843872,0.2857142686843872,UNVERIFIED
7,Short + Wide,2390x1000,320x720,"[-38.399994, 303.7657, 358.4, 416.23428]","[-38.399994, 303.7657, 358.4, 416.23428]",0.1562063992023468,0.1562063992023468,0.19354838132858276,0.19354838132858276,UNVERIFIED
8,Zoom 1.25x,2390x1000,320x720,"[-40, 276.318, 360, 443.682]","[-40, 276.318, 360, 443.682]",0.23245002329349518,0.23245002329349518,0.19999998807907104,0.19999998807907104,UNVERIFIED
9,Zoom 1.50x,2390x1000,320x720,"[-80, 259.5816, 400, 460.41843]","[-80, 259.5816, 400, 460.41843]",0.27894002199172974,0.27894002199172974,0.3333333134651184,0.3333333134651184,UNVERIFIED
10,Zoom 2.00x,2390x1000,320x720,"[-160, 226.1088, 480, 493.8912]","[-160, 226.1088, 480, 493.8912]",0.37192001938819885,0.37192001938819885,0.5,0.5,UNVERIFIED
11,Custom Width / Height,2390x1000,320x720,"[0, 293.05438, 320, 426.9456]","[0, 293.05438, 320, 426.9456]",0.18596000969409943,0.18596000969409943,0,0,UNVERIFIED
12,Fold Fit,1920x1080,960x540,"[0, 0, 960, 540]","[0, 0, 960, 540]",1,1,0,0,UNVERIFIED
13,Fold Fill,1920x1080,960x540,"[0, 0, 960, 540]","[0, 0, 960, 540]",1,1,0,0,UNVERIFIED
-1,Inherit Default,1920x1080,960x540,"[0, 0, 960, 540]","[0, 0, 960, 540]",1,1,0,0,UNVERIFIED
0,Best Fit,1920x1080,960x540,"[0, 0, 960, 540]","[0, 0, 960, 540]",1,1,0,0,UNVERIFIED
1,Crop / Fill,1920x1080,960x540,"[0, 0, 960, 540]","[0, 0, 960, 540]",1,1,0,0,UNVERIFIED
2,16:9,1920x1080,960x540,"[0, 0, 960, 540]","[0, 0, 960, 540]",1,1,0,0,UNVERIFIED
3,4:3,1920x1080,960x540,"[120, 0, 840, 540]","[120, 0, 840, 540]",0.75,0.75,0,0,UNVERIFIED
4,Wide 1.10x,1920x1080,960x540,"[-48, 0, 1008, 540]","[-48, 0, 1008, 540]",1,1,0.09090906381607056,0.09090906381607056,UNVERIFIED
5,Wide 1.25x,1920x1080,960x540,"[-120, 0, 1080, 540]","[-120, 0, 1080, 540]",1,1,0.19999998807907104,0.19999998807907104,UNVERIFIED
6,Wide 1.40x,1920x1080,960x540,"[-192, 0, 1152, 540]","[-192, 0, 1152, 540]",1,1,0.2857142686843872,0.2857142686843872,UNVERIFIED
7,Short + Wide,1920x1080,960x540,"[-115.20001, 43.200012, 1075.2, 496.8]","[-115.20001, 43.200012, 1075.2, 496.8]",0.8399999141693115,0.8399999141693115,0.193548321723938,0.193548321723938,UNVERIFIED
8,Zoom 1.25x,1920x1080,960x540,"[-120, -67.5, 1080, 607.5]","[-120, -67.5, 1080, 607.5]",1,1,0.35999995470046997,0.35999995470046997,UNVERIFIED
9,Zoom 1.50x,1920x1080,960x540,"[-240, -135, 1200, 675]","[-240, -135, 1200, 675]",1,1,0.555555522441864,0.555555522441864,UNVERIFIED
10,Zoom 2.00x,1920x1080,960x540,"[-480, -270, 1440, 810]","[-480, -270, 1440, 810]",1,1,0.75,0.75,UNVERIFIED
11,Custom Width / Height,1920x1080,960x540,"[0, 0, 960, 540]","[0, 0, 960, 540]",1,1,0,0,UNVERIFIED
12,Fold Fit,1440x1080,960x540,"[105.600006, -10.799988, 854.4, 550.8]","[105.600006, -10.799988, 854.4, 550.8]",0.7800000309944153,0.7800000309944153,0.038461506366729736,0.038461506366729736,UNVERIFIED
13,Fold Fill,1440x1080,960x540,"[0, -90, 960, 630]","[0, -90, 960, 630]",1,1,0.25,0.25,UNVERIFIED
-1,Inherit Default,1440x1080,960x540,"[120, 0, 840, 540]","[0, -90, 960, 630]",0.75,1,0,0.25,UNVERIFIED
0,Best Fit,1440x1080,960x540,"[120, 0, 840, 540]","[0, -90, 960, 630]",0.75,1,0,0.25,UNVERIFIED
1,Crop / Fill,1440x1080,960x540,"[0, -90, 960, 630]","[0, -90, 960, 630]",1,1,0.25,0.25,UNVERIFIED
2,16:9,1440x1080,960x540,"[0, 0, 960, 540]","[0, 0, 960, 540]",1,1,0,0,UNVERIFIED
3,4:3,1440x1080,960x540,"[120, 0, 840, 540]","[120, 0, 840, 540]",0.75,0.75,0,0,UNVERIFIED
4,Wide 1.10x,1440x1080,960x540,"[83.99997, 0, 876, 540]","[83.99997, 0, 876, 540]",0.824999988079071,0.824999988079071,0,0,UNVERIFIED
5,Wide 1.25x,1440x1080,960x540,"[30, 0, 930, 540]","[30, 0, 930, 540]",0.9375,0.9375,0,0,UNVERIFIED
6,Wide 1.40x,1440x1080,960x540,"[-23.99997, 0, 984, 540]","[-23.99997, 0, 984, 540]",1,1,0.0476190447807312,0.0476190447807312,UNVERIFIED
7,Short + Wide,1440x1080,960x540,"[33.600006, 43.200012, 926.4, 496.8]","[33.600006, 43.200012, 926.4, 496.8]",0.7812000513076782,0.7812000513076782,0,0,UNVERIFIED
8,Zoom 1.25x,1440x1080,960x540,"[30, -67.5, 930, 607.5]","[30, -67.5, 930, 607.5]",0.9375,0.9375,0.19999998807907104,0.19999998807907104,UNVERIFIED
9,Zoom 1.50x,1440x1080,960x540,"[-60, -135, 1020, 675]","[-60, -135, 1020, 675]",1,1,0.40740740299224854,0.40740740299224854,UNVERIFIED
10,Zoom 2.00x,1440x1080,960x540,"[-240, -270, 1200, 810]","[-240, -270, 1200, 810]",1,1,0.6666666269302368,0.6666666269302368,UNVERIFIED
11,Custom Width / Height,1440x1080,960x540,"[120, 0, 840, 540]","[120, 0, 840, 540]",0.75,0.75,0,0,UNVERIFIED
12,Fold Fit,1080x1920,960x540,"[115.49997, -378, 844.5, 918]","[115.49997, -378, 844.5, 918]",0.7593749761581421,0.7593749761581421,0.5833333730697632,0.5833333730697632,UNVERIFIED
13,Fold Fill,1080x1920,960x540,"[0, -583.3333, 960, 1123.3333]","[0, -583.3333, 960, 1123.3333]",1,1,0.68359375,0.68359375,UNVERIFIED
-1,Inherit Default,1080x1920,960x540,"[328.125, 0, 631.875, 540]","[0, -583.3333, 960, 1123.3333]",0.31640625,1,0,0.68359375,UNVERIFIED
0,Best Fit,1080x1920,960x540,"[328.125, 0, 631.875, 540]","[0, -583.3333, 960, 1123.3333]",0.31640625,1,0,0.68359375,UNVERIFIED
1,Crop / Fill,1080x1920,960x540,"[0, -583.3333, 960, 1123.3333]","[0, -583.3333, 960, 1123.3333]",1,1,0.68359375,0.68359375,UNVERIFIED
2,16:9,1080x1920,960x540,"[0, 0, 960, 540]","[0, 0, 960, 540]",1,1,0,0,UNVERIFIED
3,4:3,1080x1920,960x540,"[120, 0, 840, 540]","[120, 0, 840, 540]",0.75,0.75,0,0,UNVERIFIED
4,Wide 1.10x,1080x1920,960x540,"[312.9375, 0, 647.0625, 540]","[312.9375, 0, 647.0625, 540]",0.3480468690395355,0.3480468690395355,0,0,UNVERIFIED
5,Wide 1.25x,1080x1920,960x540,"[290.15625, 0, 669.84375, 540]","[290.15625, 0, 669.84375, 540]",0.3955078125,0.3955078125,0,0,UNVERIFIED
6,Wide 1.40x,1080x1920,960x540,"[267.375, 0, 692.625, 540]","[267.375, 0, 692.625, 540]",0.4429687559604645,0.4429687559604645,0,0,UNVERIFIED
7,Short + Wide,1080x1920,960x540,"[291.675, 43.200012, 668.325, 496.8]","[291.675, 43.200012, 668.325, 496.8]",0.3295687437057495,0.3295687437057495,0,0,UNVERIFIED
8,Zoom 1.25x,1080x1920,960x540,"[290.15625, -67.5, 669.84375, 607.5]","[290.15625, -67.5, 669.84375, 607.5]",0.3955078125,0.3955078125,0.19999998807907104,0.19999998807907104,UNVERIFIED
9,Zoom 1.50x,1080x1920,960x540,"[252.1875, -135, 707.8125, 675]","[252.1875, -135, 707.8125, 675]",0.474609375,0.474609375,0.3333333134651184,0.3333333134651184,UNVERIFIED
10,Zoom 2.00x,1080x1920,960x540,"[176.25, -270, 783.75, 810]","[176.25, -270, 783.75, 810]",0.6328125,0.6328125,0.5,0.5,UNVERIFIED
11,Custom Width / Height,1080x1920,960x540,"[328.125, 0, 631.875, 540]","[328.125, 0, 631.875, 540]",0.31640625,0.31640625,0,0,UNVERIFIED
12,Fold Fit,2390x1000,960x540,"[-23.333984, 59.40001, 983.334, 480.59998]","[-23.333984, 59.40001, 983.334, 480.59998]",0.779999852180481,0.779999852180481,0.04635882377624512,0.04635882377624512,UNVERIFIED
13,Fold Fill,2390x1000,960x540,"[-165.29999, 3.0517578e-05, 1125.3, 540]","[-165.29999, 3.0517578e-05, 1125.3, 540]",1,1,0.2561599612236023,0.2561599612236023,UNVERIFIED
-1,Inherit Default,2390x1000,960x540,"[0, 69.16319, 960, 470.8368]","[-165.29999, 3.0517578e-05, 1125.3, 540]",0.7438399195671082,1,0,0.2561599612236023,UNVERIFIED
0,Best Fit,2390x1000,960x540,"[0, 69.16319, 960, 470.8368]","[-165.29999, 3.0517578e-05, 1125.3, 540]",0.7438399195671082,1,0,0.2561599612236023,UNVERIFIED
1,Crop / Fill,2390x1000,960x540,"[-165.29999, 3.0517578e-05, 1125.3, 540]","[-165.29999, 3.0517578e-05, 1125.3, 540]",1,1,0.2561599612236023,0.2561599612236023,UNVERIFIED
2,16:9,2390x1000,960x540,"[0, 0, 960, 540]","[0, 0, 960, 540]",1,1,0,0,UNVERIFIED
3,4:3,2390x1000,960x540,"[120, 0, 840, 540]","[120, 0, 840, 540]",0.75,0.75,0,0,UNVERIFIED
4,Wide 1.10x,2390x1000,960x540,"[-48, 69.16319, 1008, 470.8368]","[-48, 69.16319, 1008, 470.8368]",0.7438399195671082,0.7438399195671082,0.09090906381607056,0.09090906381607056,UNVERIFIED
5,Wide 1.25x,2390x1000,960x540,"[-120, 69.16319, 1080, 470.8368]","[-120, 69.16319, 1080, 470.8368]",0.7438399195671082,0.7438399195671082,0.19999998807907104,0.19999998807907104,UNVERIFIED
6,Wide 1.40x,2390x1000,960x540,"[-192, 69.16319, 1152, 470.8368]","[-192, 69.16319, 1152, 470.8368]",0.7438399195671082,0.7438399195671082,0.2857142686843872,0.2857142686843872,UNVERIFIED
7,Short + Wide,2390x1000,960x540,"[-115.20001, 101.29709, 1075.2, 438.7029]","[-115.20001, 101.29709, 1075.2, 438.7029]",0.6248255968093872,0.6248255968093872,0.193548321723938,0.193548321723938,UNVERIFIED
8,Zoom 1.25x,2390x1000,960x540,"[-120, 18.953995, 1080, 521.046]","[-120, 18.953995, 1080, 521.046]",0.9298000931739807,0.9298000931739807,0.19999998807907104,0.19999998807907104,UNVERIFIED
9,Zoom 1.50x,2390x1000,960x540,"[-240, -31.255219, 1200, 571.25525]","[-240, -31.255219, 1200, 571.25525]",1,1,0.4025000333786011,0.4025000333786011,UNVERIFIED
10,Zoom 2.00x,2390x1000,960x540,"[-480, -131.67361, 1440, 671.6736]","[-480, -131.67361, 1440, 671.6736]",1,1,0.6639062166213989,0.6639062166213989,UNVERIFIED
11,Custom Width / Height,2390x1000,960x540,"[0, 69.16319, 960, 470.8368]","[0, 69.16319, 960, 470.8368]",0.7438399195671082,0.7438399195671082,0,0,UNVERIFIED
